variable,response,lcavol,lweight,age,lbph,svi,lcp,gleason,pgg45
response,1,0.6123394767372867,0.15737769928205048,0.10599351192280297,0.12972592235204838,0.5321414146104176,0.5011468271051086,0.2940748085367377,0.40628540554562287
lcavol,0.6123394767372867,1,0.1386389985084238,0.31800599870074037,0.05121110918205157,0.5281611069533838,0.7236282051680958,0.44878856610819123,0.4931613510918364
lweight,0.15737769928205048,0.1386389985084238,1,0.33111742165914826,0.48405311174495197,0.04692242474010708,0.02845070422223715,0.0026009288752931094,0.06531022120117928
age,0.10599351192280297,0.31800599870074037,0.33111742165914826,1,0.3361153073300019,0.17315570333641853,0.16566069864184643,0.3228296200661422,0.3092052968450162
lbph,0.12972592235204838,0.05121110918205157,0.48405311174495197,0.3361153073300019,1,-0.0769745937579043,-0.007935338389371424,0.04611656821615073,0.09560052289674388
svi,0.5321414146104176,0.5281611069533838,0.04692242474010708,0.17315570333641853,-0.0769745937579043,1,0.6714996313953554,0.35567964725488477,0.4527901399194008
lcp,0.5011468271051086,0.7236282051680958,0.02845070422223715,0.16566069864184643,-0.007935338389371424,0.6714996313953554,1,0.5123077004562252,0.6143286062436928
gleason,0.2940748085367377,0.44878856610819123,0.0026009288752931094,0.3228296200661422,0.04611656821615073,0.35567964725488477,0.5123077004562252,1,0.7842710679837053
pgg45,0.40628540554562287,0.4931613510918364,0.06531022120117928,0.3092052968450162,0.09560052289674388,0.4527901399194008,0.6143286062436928,0.7842710679837053,1
